CustomerID,name,address,age,gender
1,Tara Ortiz,"27048 Bryan Vista Schaeferberg, WA 79415",36,Other
2,Taylor Clark,"50303 Michelle Unions Port Brooke, WA 32539",37,Other
3,Heather Harvey,"825 Schmitt Landing Suite 984 North Barryhaven, MT 35228",55,Other
4,Amanda Miller,"707 Zachary Neck Apt. 156 Lisaport, AZ 49856",49,Male
5,Danielle Nichols,"3147 Christopher Plains Suite 373 West Joshua, NH 45807",46,Other
6,Susan Briggs,"51286 Perkins Expressway Apt. 870 Ramirezbury, ME 15686",48,Female
7,Thomas Sanford,"15712 Jacqueline Highway Suite 175 Meganfort, AL 46383",39,Other
8,Mrs. Tina Mcdaniel,Unit 4327 Box 8057 DPO AA 95842,66,Other
9,David Davidson II,"64385 Castaneda Crossing New Melissa, NV 11236",42,Female
10,Robert Long,"257 Martin Hill West Deannaburgh, HI 15336",77,Female
11,Susan Pierce,"449 Crystal Radial Hoffmanport, OH 23069",73,Male
12,Rodney Brock,"3457 Jacobs Tunnel South Leahhaven, SC 10219",80,Other
13,Krystal Logan,"034 Alan Course Millstown, CA 36110",33,Other
14,Michael Welch,"1061 Thompson Mountains Apt. 294 South Nicole, ND 34310",42,Male
15,Anita Walters,"251 Bray Turnpike Apt. 263 Brownfurt, ME 71126",72,Female
16,Angela Johnston,"059 Terrell Wells Apt. 295 New Karltown, TN 30679",20,Female
17,Paige Davis,"7586 Emily Plains Suite 890 Kristinshire, DC 11553",65,Female
18,Jessica Young,"6252 Austin Village Apt. 964 North Kevin, PA 09350",63,Female
19,Anthony Carr,"86096 Wilson Port Port Debraport, WV 15807",42,Other
20,David Stephenson,"7498 Townsend Pike New Joshua, NH 29202",68,Other
21,Erica Rosario,"63678 Michelle Drives Apt. 423 Lake Barbara, AL 19994",80,Male
22,Hannah Ingram,"2465 Jimenez Well Suite 795 Port Rebeccaburgh, WY 06353",49,Male
23,Daniel Ward,"0195 Michael Isle North Garrettberg, NY 42197",26,Other
24,Mark Fowler,"9968 Howard Points Wilsonfurt, MA 78183",79,Other
25,Christopher Jarvis,"8938 Betty Flats Apt. 946 New Stephanieview, KY 14115",39,Male
26,Ashley Owens,"9402 Johnson Mountains Johnsonmouth, LA 60835",73,Female
27,James Snyder,"001 Jocelyn Port New Larryshire, NV 02193",24,Other
28,Jason Salas,"5579 David Loaf New Christopherborough, ME 44904",76,Female
29,Katie Thornton,"32151 Robert Plains West Lisa, TN 61545",18,Other
30,Courtney Davis,"4848 Jerry Lodge Apt. 914 Suttonstad, NY 98326",27,Female
31,Kenneth Fox,"2305 Olson Stream Apt. 610 Lake Brendamouth, UT 50067",73,Other
32,Taylor Hernandez,"942 Gina Islands Harrisonton, KS 61584",80,Male
33,Tiffany Walton,"3706 Rita Isle Joelview, HI 94658",22,Female
34,Robert Duke,"220 Brown Oval Robertsonberg, NY 64269",68,Female
35,Phillip Dixon,"35947 Nicole Isle Suite 543 Michaeltown, NY 39075",39,Other
36,Laura Buchanan,"64885 Richardson Course Port Matthewstad, VA 69536",62,Female
37,Alexa Hendricks,"PSC 1409, Box 3220 APO AA 93440",59,Male
38,Cynthia Palmer,"093 Burnett Circle Kingside, NC 14499",72,Female
39,Christina Thomas,"17106 Maria Forks Suite 825 Lawsonburgh, TN 22796",72,Other
40,Joan Taylor,Unit 1541 Box 5177 DPO AE 39018,72,Other
41,Charles Thomas,"65611 Yolanda Street West Stephanieborough, CO 72138",42,Female
42,Sara Jackson,"371 Jackson Crest Port Dylan, ND 04654",58,Other
43,Justin Weaver,"9101 Torres Run Apt. 527 Rebeccaland, MI 09389",74,Female
44,Douglas Taylor,Unit 8582 Box 0339 DPO AA 73215,73,Other
45,Jeremiah Gaines,"042 Amy Coves East Zachary, HI 15468",20,Other
46,Katherine Khan,"83355 Johnson Forge Port Jamie, VT 04154",22,Male
47,David Huynh,"6935 Alexis Trail East Kevin, NY 89260",58,Other
48,John Green,"43925 Jason Street Apt. 511 East Lonniefurt, MS 72951",76,Female
49,David Carter,"4363 Martin Garden Port Richardchester, FL 92564",32,Other
50,Sarah Mann,"013 Heather Vista Apt. 081 West Bradview, KS 40310",23,Female
51,Kevin Clark,"52202 Mariah Crest Apt. 403 Shirleyborough, WI 81044",80,Male
52,William Harrell,"849 Walters Expressway East Charlotteburgh, WV 95214",66,Other
53,Brian Hardin,"77227 Brandon Villages North Allen, TX 11452",63,Male
54,Ashley Rios,"171 Christine Isle West Michael, TN 58002",46,Male
55,Evelyn Miller,"324 Morales Forest Stevenchester, AR 74288",62,Female
56,Jonathan Hill MD,"4629 Julie Flat West April, TX 21913",75,Male
57,Christopher Martin,"170 Stone Corners Alisonshire, WA 56423",20,Female
58,Denise Harris,"8765 Spencer Circles East Adam, TN 12103",68,Male
59,Jonathan Elliott,"2966 Riley Avenue Suite 891 West Candiceberg, SC 42357",36,Female
60,Taylor Foster,"47145 Montes Street Apt. 540 West Michaelhaven, IL 88802",41,Female
61,Gina Herman,"08026 Christopher Ranch Apt. 595 South Stephenchester, KS 20546",27,Male
62,Jillian Willis,"3485 Christopher Club Suite 392 Melindaberg, MS 62402",51,Female
63,Michael Curtis,"7263 Moore Village Suite 096 Port Anita, CA 37982",54,Other
64,Lisa Howell,"0229 Whitaker Fall Suite 779 North Kimberlymouth, AL 54131",68,Male
65,Justin Ward,"94526 Elizabeth Stream South Lisa, NE 11134",28,Male
66,Jordan Lester,Unit 8929 Box 0362 DPO AA 80029,23,Other
67,Samantha Stevenson,"4999 Pamela Course Suite 934 Bellstad, SD 70401",73,Female
68,Larry Wilcox,"0862 Casey Parkway Suite 504 Joshuamouth, MN 83958",57,Other
69,Jacob Hunter,"55616 Allison Village East Barbara, IL 16203",33,Female
70,Dale Green,"635 Lane Place South Robert, MT 40161",76,Other
71,Maria Parker,"9327 Christine Isle Allisonborough, NM 97017",27,Male
72,Catherine Turner,"01147 Smith Lake West Ronald, MA 19834",47,Other
73,Kimberly Anderson,"386 Willie Common New Virginiachester, OK 77338",34,Female
74,Matthew Arnold,"725 Chris Ferry New Michaelside, IA 79373",34,Other
75,Donna Perkins,"7394 Connor Summit Apt. 797 West Martinmouth, NE 05915",18,Female
76,Nicole Wheeler,"538 Lee Pines North Angelafort, AK 60170",75,Female
77,Ethan Kelly,"966 White Row Michaelmouth, OK 10466",61,Other
78,Terrance Hernandez,"796 Dustin Lakes Apt. 993 East Dawn, NV 75847",28,Male
79,Carl Smith MD,"402 William Road Apt. 465 Hansenfurt, CA 90705",46,Female
80,Makayla Ballard,"6715 Johnson Shores South Diane, LA 77096",55,Female
81,Crystal Gaines,"PSC 1181, Box 8223 APO AP 02992",58,Female
82,Bridget Collins,"062 Parker Mission Penningtonfurt, WA 81509",62,Female
83,John Williams,Unit 1866 Box 3509 DPO AP 48435,47,Female
84,Tina Coleman,"543 Julia Plains South Oscar, MI 80949",30,Female
85,Maria Frank,"0585 Kimberly Street North Claytonville, RI 99630",72,Female
86,Ryan Wilson,"7129 Young Gateway Suite 797 Meganville, NH 91022",24,Male
87,Andrew Johnson,"00973 Butler Way Lake Zacharyport, CA 45461",42,Other
88,Jason Mccormick,"59685 Lori Estates Wardport, NE 35901",40,Other
89,Sarah Meadows,"611 Clay Springs Apt. 601 Gonzalesfort, WV 47225",36,Other
90,Christian Hall,"PSC 3637, Box 6708 APO AA 23658",36,Male
91,Michelle Davis,"507 Luis Green Suite 794 Sarahfurt, OK 54189",80,Other
92,Thomas Morgan,"PSC 5118, Box 6580 APO AA 99310",43,Female
93,Sandra Parker,"018 Jennifer Corners Hernandezbury, MT 92995",18,Other
94,Robert Thornton,"98613 Jeanette Extension North Nicholasbury, ID 05562",73,Other
95,Thomas Gomez,"407 Steven Light Suite 755 Andersontown, WV 90062",67,Other
96,Mike Ford,"533 Castro Plains New Richard, OR 71753",80,Male
97,Tina House,"89275 Cook Land Port Kevin, WV 61160",76,Other
98,David Haley,"781 Erika Center Apt. 278 Kirkside, VA 19954",65,Female
99,Andrew Maldonado,"9719 Jones Station West Williechester, NH 77572",71,Female
100,Dennis Fry,"4575 Lopez Mount Carterland, DC 49215",67,Male
101,Hannah Zhang,"3373 York Landing Suite 090 Rachelburgh, MO 83992",56,Female
102,Russell Rhodes,Unit 9124 Box 0044 DPO AA 81985,32,Other
103,Tiffany Burnett,"80305 Yvonne Village Fishermouth, MA 23960",30,Other
104,Ronnie Moses,"53329 Rasmussen Knoll North Jesse, MA 61806",34,Other
105,Tonya Griffin,USS Smith FPO AA 66123,66,Other
106,Jerry Estrada,"7201 Fisher Ferry East Latoya, IA 89047",67,Other
107,Sarah Cain,"9802 Sarah Wells Suite 607 Smithland, MN 24115",61,Male
108,Sheryl Rodriguez,"69313 Carter Pike Suite 265 Bensonshire, SC 13094",58,Male
109,Monica Williams,"5422 Townsend Glen Apt. 096 Kingbury, FL 37736",75,Other
110,Melissa White,"503 Amber Valley Brianbury, WV 83839",59,Male
111,Christopher Wallace,"954 Sanchez Forges New Erin, NE 26755",37,Female
112,Samantha Ortiz,"916 Alfred Trafficway Alisonton, MO 31557",20,Other
113,Margaret Price,"433 Mullins Drive New Jennifermouth, CO 61820",41,Other
114,Brenda Norman,"8028 Garcia River Suite 932 Maysborough, CA 12679",26,Male
115,Sharon Schneider,USNV Friedman FPO AA 41612,76,Female
116,Nicole Ortega,"1092 Lynn Via Suite 005 South Amy, NV 91386",38,Other
117,James Parker,"04747 Elizabeth Dale Port Donnastad, WV 39060",44,Male
118,John Welch,"610 Michael Corner Suite 597 Lake Maria, IL 74093",30,Male
119,Daniel Hogan,"30921 Wade Mountain Suite 318 Michaelview, MA 37703",68,Other
120,Peter Nelson,"2853 Diaz Glen North Brendashire, FL 98685",74,Female
121,Tracey Gross,"976 David Spurs Apt. 152 Amystad, MT 12501",51,Other
122,Paul Smith,"1285 Danielle Throughway Murrayton, ND 10721",76,Female
123,John Holmes,"72198 Michael Corners Suite 318 Lake Sarah, CT 27827",71,Male
124,Jacqueline Robertson,"4655 Fernandez Falls Apt. 308 Merritthaven, NH 44054",34,Female
125,Rhonda Jones,"39624 Allison Junctions Jamestown, MO 63184",79,Female
126,Rebecca Jones,"16229 Hall Cliffs New Meghanfort, NE 80274",65,Female
127,Megan Lara,"614 Carly Extensions Apt. 613 Maxwellshire, VA 95583",69,Male
128,Cathy Thomas,"50635 Zoe Ranch East Amanda, VT 85928",47,Male
129,April Hamilton,"26620 Richard Islands East Allenside, CA 33564",27,Male
130,Mary Anderson,"78634 Hardy Glens Suite 439 Port Rhonda, OR 30640",73,Other
131,Kimberly Allison,"7984 Lopez Plains Suite 725 Lake Charlesmouth, CO 04014",64,Other
132,Shane Hale,"478 Kristina Crest Ramirezland, KS 56188",80,Female
133,Edward Mendoza,"2489 Dixon Greens Suite 899 North Richard, MN 27689",79,Other
134,Dr. Alexis Bailey DDS,"3846 Destiny Key Lake Kaylaview, ID 25727",41,Male
135,Christopher Soto,"37330 Rogers Corner Suite 240 Humphreybury, ME 24777",68,Female
136,Melissa Hammond,"457 Angela Summit Pattersonport, MA 76265",18,Female
137,Daniel Foster,"84913 Wilkins Parkway Apt. 195 East Denise, ND 16166",52,Male
138,Ronald Hodges,"11299 King Falls Suite 014 Hickmanside, TN 29439",47,Female
139,Kathleen Cross,"87706 Jennifer Fall Suite 638 Crawfordborough, MA 06567",61,Other
140,Andrea Lee,"607 Jessica Rapid Apt. 086 New Michael, KY 32719",61,Female
141,Angela Adams,"72323 Ramirez Harbors Suite 050 Lake Bradley, MN 35400",55,Female
142,Rebekah Thompson,"954 Shannon Rest Suite 621 Marcusside, DE 90172",70,Other
143,Donna Brown,"200 Bates Hollow Apt. 403 Hurleyland, AK 18971",78,Female
144,Robert Thomas,"88039 Tracy Motorway Toddbury, KS 40492",24,Other
145,Nancy Turner,"65185 Velez Islands East Anthonyside, VT 06231",32,Female
146,Michael Adams,"851 Thomas Gardens Apt. 348 Snyderhaven, UT 97616",19,Other
147,Brittany Castro,"4697 Jenna Station South Tiffany, MI 36770",74,Other
148,Douglas Ibarra,"2051 Nicole Camp Lake Nicholasfort, DC 98756",38,Other
149,Philip Ferguson,USS Carr FPO AA 11888,32,Other
150,Adrian Barnes,"870 Pham Corners Suite 171 North Kayla, DE 71854",22,Other
151,Ryan Riley,"75673 Shelby Viaduct Apt. 129 New Katherine, GA 40243",70,Female
152,Brandi Moore,"14631 Jerome Rapid Suite 615 Nancyfort, VA 14341",76,Other
153,Tamara Rogers,"56181 Dustin Mall Mooreburgh, MA 51628",37,Other
154,Robert Gordon,"07803 Kevin Run Apt. 257 Pricefort, OH 15753",44,Male
155,Joseph Castillo,"274 Jack Ville Suite 598 Leonardberg, SC 67694",26,Male
156,Christopher Adams,"042 Ruth Plaza Suite 004 West Erin, MS 11730",78,Male
157,Jill Lloyd,"8993 Stone Burg New Gregory, MA 43134",37,Female
158,Timothy Anderson,"4990 Valerie Ports Apt. 384 Alexisfurt, OH 23687",25,Male
159,Spencer Hensley,"4040 Michael Via Bentleystad, TN 97058",33,Other
160,David Smith,"22712 Tran Manors Garciashire, MT 77153",26,Female
161,Jennifer Nguyen DDS,"37189 Wilson Corners Apt. 618 Riddletown, ID 94861",47,Female
162,Jason Garcia,"8350 Richard Islands Apt. 460 South Brent, MI 47034",60,Other
163,Charles Butler,"123 Russell Stravenue Apt. 720 New Brian, NY 51173",62,Other
164,Heather Davis,Unit 4346 Box 0574 DPO AA 63146,44,Other
165,James Chavez,"013 Roberta Spur Villarrealborough, LA 20657",65,Other
166,Sonya Williams,"432 Kathy Highway Apt. 139 Welchstad, PA 58375",27,Female
167,Lee Faulkner,"3665 Smith Alley East Benjaminshire, MS 86229",59,Male
168,Deborah Gardner,"277 Adam Stravenue Apt. 043 Lake Brittneymouth, MO 47963",71,Female
169,John Cummings,"788 Bentley Manors North Jasonport, LA 43304",57,Female
170,Brandon Hall,"62770 Costa Mission Suite 117 Williamschester, NE 57050",78,Female
171,Christine Hartman,"2631 Williams Tunnel Apt. 872 South Gary, AR 36671",20,Other
172,Mary Baird,"PSC 8066, Box 0730 APO AP 63773",41,Male
173,Anthony Wilcox,"15963 Beck Squares Brownshire, MI 47895",46,Female
174,Natalie Baker,"7083 Allen Stream Suite 225 Timothyfort, DC 04011",78,Male
175,Vincent Walker,"PSC 5465, Box 5533 APO AE 77942",72,Female
176,Robert Pierce,"9354 Charles Skyway Suite 072 West Nathanton, HI 53899",24,Other
177,Mrs. Christina Solis,"732 Perez Lights West Melanie, AL 09040",41,Other
178,Leslie Dalton,"038 Brandi Fall Apt. 087 Williammouth, NJ 32629",75,Other
179,Jerry Morales,Unit 5169 Box 0519 DPO AE 40026,40,Male
180,Diane Lutz,"07998 Ramirez Estates Richardchester, TN 46166",43,Female
181,Diana Herrera,"6059 Vernon Walks Rebeccamouth, AR 03846",30,Male
182,Alexander Hartman,"7543 Hunter Glen Port Thomas, AR 73007",78,Female
183,Larry Newman,"639 Thomas Village Lake Joanna, HI 87911",23,Other
184,Amanda Ortiz,"81553 Brian Underpass Suite 375 West Tyler, MD 46363",31,Other
185,Christopher Adams,"98440 Fields Cove Heatherstad, NY 19249",58,Other
186,Stacey Obrien,"17783 Mcknight Overpass Xavierborough, OH 28120",80,Male
187,Judy Stewart,"2308 Dickerson Loop Danielbury, WV 91595",21,Female
188,Kristen Graves,"807 Jackson Ramp Apt. 460 New Carriefurt, MI 68553",33,Male
189,Nathaniel Spencer,"2425 Jones Crescent South Derrick, NE 23080",68,Other
190,Hannah Foster,"467 Andrew Valley South Brittanychester, OH 56703",31,Male
191,Danielle Trevino,"PSC 7478, Box 6630 APO AA 82233",71,Other
192,William Galvan,"91964 Bennett Via Suite 045 Horneview, MI 93465",31,Other
193,Joseph Lucas,"9254 Miranda Locks Suite 326 New Mariafort, TN 10613",31,Male
194,Jeffrey Shaw MD,"3429 Fields Fords Melissachester, OK 07542",39,Male
195,Amanda Smith,"597 Walker Dam Apt. 997 East Dennis, DC 26862",68,Other
196,Christian Ross,"80338 Victoria Club West Bradley, ID 41023",18,Female
197,Jacob Fisher,"37401 Joseph Plaza Sheilaland, AR 48241",72,Male
198,Sophia Cruz,USNV Cook FPO AE 15928,26,Other
199,Dr. Warren Sexton,"6548 Johnson Springs Suite 711 Port Brandiville, MD 18489",34,Male
200,Hailey Garcia,"PSC 6856, Box 3360 APO AA 43793",25,Other
201,Daryl Mcgee,"87091 Woodward Manor Apt. 230 Howellberg, MS 52403",73,Male
202,Erica Roberts,"1622 Miller Creek Suite 682 Bakershire, DC 86870",26,Male
203,Timothy Gonzalez,"31872 Michael Run Josephmouth, NM 85984",40,Male
204,Joseph Wagner,"7904 John Inlet North Shirley, NV 28384",55,Female
205,Andrew York,"69657 Bradley Mills Apt. 920 Sarahport, ID 49043",19,Male
206,Amanda Lee,"7476 Smith Fork Apt. 247 South Sarabury, TX 09525",34,Male
207,Roger Curry,"2795 Calhoun Isle Joshuamouth, SD 92032",26,Other
208,Benjamin Johnson,"7796 Lin Knolls Apt. 287 Randymouth, WA 59177",44,Other
209,Jennifer Thomas,"066 Henry Ranch Robinsonhaven, TN 62117",25,Other
210,Karen Beltran,"77418 Paul Shoal Apt. 540 Jamesport, NC 96143",22,Female
211,Heather Mcdonald,"49476 Baker Throughway Lovemouth, KY 41543",46,Female
212,Cynthia Thompson,"320 Brown Overpass Phillipbury, AZ 33185",50,Other
213,Joshua Patel,"7610 Scott Common New Timothy, NE 57108",24,Female
214,Philip Hernandez,"931 Jacob Burg Port Mary, NY 35649",50,Male
215,Dillon Alexander,"PSC 3426, Box 2556 APO AA 70383",78,Other
216,Maria Boyer,"553 Aaron Mountain Apt. 317 Lucaschester, SC 05197",20,Other
217,David Burke,"365 Carrie Port Apt. 156 Lake Lindaburgh, MD 37186",68,Other
218,Marc Taylor,"223 Tammy Fall North Tiffany, HI 00623",51,Female
219,Christopher Johnson,"97770 Rice Harbors Suite 866 Aaronport, CT 71217",47,Other
220,Clarence Summers,Unit 8292 Box 1223 DPO AP 67013,79,Male
221,Michele Black,"7757 Natalie Well Apt. 894 Lake Louis, GA 23220",21,Female
222,Sylvia Johnson,"54579 Kerri Locks Suite 810 North Heather, OK 65953",72,Female
223,Rachel Beasley,"29650 Nancy Island Hollandhaven, SD 32273",45,Other
224,Anthony Delacruz,"64778 Jennifer Stravenue Suite 756 North Teresa, RI 28991",24,Female
225,Garrett Santiago MD,"68560 Jason Parks Suite 952 Davilaton, MO 49550",63,Female
226,Elizabeth Lamb,"839 Jennifer Lakes New Peggyfort, CO 10543",22,Male
227,Julia Benjamin,"7551 Eric Well Apt. 883 Stevensonside, MN 22469",38,Other
228,Michelle Page,"52066 David Courts Suite 946 Barrside, NJ 86426",27,Male
229,Bryan Newman,"89346 Eric Squares South Johnshire, MO 37015",26,Female
230,Gary Kaiser,"606 Potter Avenue West Randy, FL 00743",57,Other
231,Stephanie Ray,"38570 Debra Cliffs East Allen, WY 85415",55,Other
232,Mitchell Lambert,"4826 Krystal Ports Apt. 821 East Maria, HI 63669",63,Female
233,Brandon Wheeler,"809 Olsen Roads Normanfurt, AL 72749",42,Other
234,Savannah Jefferson,"277 Espinoza Drive Suite 835 West Christina, ID 64184",51,Female
235,Stephanie Jimenez,"491 Kevin Road Lake Richardton, WV 89836",47,Other
236,Janet Watson,"0319 Ruth Burgs Steventown, WY 93369",56,Female
237,Nathan Brown,"867 Schultz Vista North Samantha, KS 79125",24,Other
238,Stephanie Ponce,"2747 Keith Spring Apt. 519 New Caitlinmouth, KS 06423",25,Other
239,Gail Turner,"9254 Nina Ridges Apt. 049 Lake Joebury, MD 25478",59,Other
240,Susan Haynes,"15399 Ortiz Streets Nicholasbury, DE 24881",64,Male
241,Bonnie Stewart,"26126 Gutierrez Curve Brownfurt, FL 01078",45,Female
242,Daniel Marquez,"86295 Calvin Roads Apt. 818 Horneburgh, SD 18396",74,Male
243,Joseph Graves,"3856 Murphy Spurs Suite 122 Rebeccafort, KS 27349",44,Female
244,Kevin Lang,"67424 Watson Bypass New Deanna, NM 99026",70,Female
245,Brian Hughes,"5423 Lee Ports Suite 083 South Lindseyshire, SD 04089",43,Female
246,Andrew Cook,"867 Baldwin Shoal Suite 221 South Hannah, CT 79557",64,Male
247,Rhonda Rubio,"22761 Calvin Rapid Apt. 814 Lewisborough, DC 20012",38,Female
248,Megan Gibbs,"45228 Taylor Pike Apt. 972 New Clintonberg, RI 94474",38,Other
249,Travis Robinson,"PSC 8258, Box 8355 APO AE 08516",34,Female
250,Cynthia Hall,"268 Howard Flats Frazierview, AR 59468",79,Male
251,Kimberly Green,"8451 Caitlyn Heights Apt. 120 Michaelmouth, NC 72862",61,Female
252,Jessica Zhang,"39938 Sherman Prairie South John, VA 93982",22,Male
253,Amanda Clements,"014 Dawson Vista Georgehaven, AZ 71627",71,Male
254,Jeffrey Bonilla,"23641 Hensley Groves Apt. 994 East Jerome, NM 04919",23,Female
255,Marissa Arnold,"800 Edward Station Reneeport, MN 21078",24,Other
256,Christopher Gallagher,"113 Alan Squares Apt. 300 Jamesside, WA 24139",65,Female
257,Aaron Martin,"163 Martin Crescent Johnsonburgh, PA 71245",69,Male
258,David Thomas,"883 Christopher Way Katherineton, AL 81521",53,Male
259,David Hendrix,"549 Mooney Club Suite 246 Silvaborough, DE 06446",55,Other
260,Doris Hicks,"0469 Castillo Rapids Fernandezton, SC 80638",53,Female
261,Dylan Smith,"225 Vasquez Stream East Lisamouth, MO 96720",60,Male
262,Ashley Rivas,"389 Hayes Flat East Stephanieton, SD 33937",44,Female
263,Michael Davenport,"18410 Heather Skyway Suite 524 New Heatherton, WA 32597",73,Other
264,Christian Watkins,"112 Bryan Greens Larsonstad, ME 70706",78,Female
265,Christian Brown,"277 Jacobs Mount Suite 332 Jacquelinefurt, DC 89179",73,Other
266,Kelli Velasquez,"6119 Jeffrey Meadows Apt. 094 East Eric, DC 85409",21,Female
267,David Jones,"4994 Noble Islands Suite 953 South Eduardo, MD 61656",56,Female
268,Fred Shelton,USNV Mitchell FPO AE 13575,40,Male
269,Jodi Allen,"PSC 4546, Box 0995 APO AE 09865",54,Other
270,Joseph Eaton,"39428 Carol Landing West Matthew, VA 24509",31,Male
271,Jason Mckinney,"72337 Walker Wall Lake Stevenberg, AR 16018",60,Female
272,Kelly Cox MD,"163 Reynolds Skyway Snowfort, ND 93924",32,Male
273,Margaret Key,"227 Allen Springs Hillburgh, TX 30752",40,Other
274,Jason Gutierrez,"630 Mitchell Mount Joyland, SD 21395",41,Male
275,Amanda Gilbert,"11238 Singh Expressway Denisehaven, HI 39023",66,Female
276,Joan Hudson,"PSC 5093, Box 8998 APO AP 31046",54,Male
277,Shannon Ware,"2609 Johnson Mill Lake Christophermouth, NH 25605",69,Female
278,Brian Richard,"399 Flores Center Apt. 858 West Ronald, CO 98509",72,Other
279,Charles Ford,"18383 Fisher Estates Apt. 912 Autumnmouth, WA 14327",80,Other
280,Donna Nelson,"5069 Yvette Viaduct Valeriemouth, MT 64789",57,Other
281,Brian Jones,"22110 Lewis Prairie East Melissafurt, NC 82596",59,Other
282,Robin Williams,"87509 Zachary Locks Suite 501 South Katherinechester, VA 16258",19,Other
283,Adam Butler,"0740 Washington Loaf Apt. 743 West Roberttown, VT 49137",77,Other
284,John Francis,Unit 9097 Box 1515 DPO AE 85407,71,Other
285,Kaylee Smith,"924 Richard Bypass Apt. 548 Kristopherview, DE 75728",35,Male
286,Janet Morrow,"393 Gonzales Corners North Calebport, AK 03712",29,Female
287,Alexa Lopez,"999 Mendoza Pass Suite 373 East Michaelland, MO 24075",62,Female
288,Jose Smith,"5685 Dean Knoll Suite 630 South Rayland, AK 59934",76,Female
289,Manuel Walker,"6513 Hopkins Pike Simmonsburgh, CT 76300",40,Male
290,Melissa Rice,"880 Jones Cliff Suite 338 New Kim, WI 15162",29,Male
291,Robert Flores,"30039 Carroll Mission East Tammy, NV 39972",54,Other
292,Randy Martinez,"0532 Laura Union North Lisashire, MD 88582",43,Male
293,Joseph Morgan,"901 John Shoal East Carolyn, CA 16558",27,Other
294,Amanda Nixon,"9536 Cynthia Islands Suite 971 Williamsstad, OK 87179",58,Male
295,John Williams,"62110 Bryan Lane Robertton, MD 98913",23,Other
296,Matthew White,"8547 Williams Turnpike Apt. 713 Timothyberg, UT 34777",51,Male
297,Sonia Farley,"595 Moore Shores Apt. 184 Kellyport, AL 97202",42,Female
298,Paul Byrd,"908 Dawson Turnpike Apt. 702 Kristinchester, WY 33041",47,Female
299,Heather Mullins,"338 Roger River Donnaland, OR 11000",28,Female
300,Eric Stevens,"4333 Candice Avenue Apt. 642 New Josephburgh, MS 42026",37,Other
301,Aimee Griffin,"368 Phillips Mountains Gillespieshire, UT 49053",38,Other
302,Matthew Castaneda,"5621 Spencer Parkways Monicaville, KY 37251",56,Male
303,Kristin Jenkins,"239 Fry Inlet South Johnview, NE 44884",74,Male
304,Nicole Rogers,"7102 Higgins Passage Sanchezside, MS 76090",27,Male
305,Charles Edwards,"2132 Christian Ridges Suite 816 Scottfurt, NE 34549",66,Other
306,Robin Hopkins,"817 Brian Turnpike Apt. 165 New Joelfort, DC 76247",21,Other
307,Patricia Alexander,"80668 Samantha Ports New Catherineburgh, TN 42946",23,Female
308,James Brown,"368 Buck Route South Linda, MI 96411",46,Other
309,Bryan Robles,"01502 Jimenez Common West Linda, NH 58344",45,Female
310,Keith Carlson,"0944 Howard Valley North James, CT 88159",56,Female
311,Casey Good,"4606 Sarah Unions Davistown, NE 17787",44,Female
312,Amy Salazar,"3390 Shaun Ports Parkerville, MN 04281",31,Other
313,James Hamilton,"413 Hunt Drive Victorton, PA 23975",25,Female
314,Jordan Pugh MD,"3312 Kramer Divide South Michaelport, WY 47913",45,Male
315,David Ramirez,USCGC King FPO AE 25965,36,Other
316,Brenda Edwards,"06845 Daniel Gateway Fordmouth, CT 84386",61,Other
317,Gary Anderson,USNS Mercado FPO AA 37316,49,Other
318,James Clark,"576 Justin Islands Suite 439 Adamsberg, AZ 89285",60,Female
319,Hannah Harrell,"124 Wallace Shores Apt. 264 Lake Michaelfurt, NJ 09822",20,Male
320,Ashley Perkins,"58357 Dennis Coves Walkerville, MA 28383",43,Other
321,Donald Bennett,"5541 Amy Stravenue Suite 171 West Jacobview, WV 22027",21,Male
322,Elizabeth Spencer,"5466 Christopher Motorway Apt. 140 Campbellhaven, NV 27296",31,Female
323,Eric Lee,"PSC 5479, Box 2857 APO AA 86680",78,Male
324,Jeffrey Moody,"6032 Scott Brooks Apt. 920 East Jesse, AR 74865",67,Male
325,Christine Taylor,USCGC Hodge FPO AA 70743,66,Female
326,Daniel Davis,"491 Donna Inlet Suite 561 Kingport, CA 55484",36,Female
327,Ryan Conrad,"595 Nancy Common Suite 325 Lisafurt, WI 09967",25,Male
328,Brianna Ellison,"0332 Baird Camp Apt. 935 North George, RI 06179",49,Other
329,Jose Dillon,"92569 Richard Ranch Apt. 403 Matthewshaven, VT 56545",45,Male
330,Pamela Murphy,"59624 Evans Village Lake Derekborough, WA 76258",26,Female
331,Priscilla Levy,"004 Robertson Curve New Austin, WI 90536",52,Other
332,Kristen Watkins,"425 Lucero Bypass Lake Michellemouth, AR 60134",32,Other
333,Luis Coleman,"885 Keith Trail Denisefurt, HI 25179",53,Other
334,Victoria Ingram,"309 Smith Drive Heatherstad, HI 83026",69,Female
335,Frederick Martinez,"4409 Carlos Plaza Brianchester, SC 17887",22,Female
336,Laura White,"2865 Bradley Knolls East Heather, OH 13072",73,Other
337,Margaret Monroe,"8830 Cannon Road Lake Nicholas, NJ 18699",20,Female
338,Renee Noble,"50486 Teresa Unions Suite 713 South Lisa, LA 51710",19,Female
339,Peter Lowe,"01592 Dakota Flat Suite 098 Caseytown, TX 38580",76,Male
340,Kayla Sullivan,"33539 Robinson Knoll Apt. 873 Vazquezchester, NY 39624",73,Female
341,Casey Brown,"997 Ashley Way Apt. 355 West Matthew, AZ 59278",54,Female
342,Amy King,"15603 Williams Mall Jasminehaven, MA 81576",54,Female
343,Barbara Reed,"8774 Jackson Isle South Andretown, PA 14793",63,Other
344,Maureen Thomas,"9267 Lisa Hollow Denisestad, MN 86259",44,Female
345,Kevin Ross,"7436 Brittany Isle Port Lindaville, WY 45209",25,Female
346,Megan Sullivan,"11323 Justin Common Apt. 461 Richardfort, NY 38498",19,Female
347,Daniel Wheeler,"472 Carrie Fork Batesville, ID 28557",28,Other
348,Amanda Rodriguez,"118 Morgan Streets Apt. 009 Deniseberg, WA 86076",47,Other
349,Kristina Ford,"2536 Martin Lights East Richard, WI 30527",76,Female
350,Dennis Jackson,"PSC 6135, Box 9601 APO AE 20050",23,Female
351,Heather Taylor,"6499 Atkins Valleys South Matthewburgh, MO 12509",72,Male
352,Mark Stephens,"76909 Allison Coves Apt. 121 Louishaven, MT 05352",33,Female
353,Jason Skinner,"57177 Deborah Plain Lake Matthew, IN 59264",55,Female
354,John Hensley,"1334 Owens Mountain New Michaelmouth, IA 77328",51,Male
355,Brittany Lane,"34105 Livingston Rapid Apt. 705 Michealchester, NJ 11395",43,Female
356,Jeffrey Andrews,"84792 Cunningham Rest Suite 243 New Michelleside, MA 59501",65,Female
357,Nicole Paul,"1799 Ronnie Ports Seanstad, VT 54967",32,Female
358,Clinton Taylor,"1286 Tina Centers Suite 703 South Andre, DC 21902",67,Male
359,Mr. Jared Roberson,"369 Serrano River Michaelmouth, CO 72816",22,Other
360,Margaret Horton,"5971 Jason Shoal Triciaside, PA 73644",58,Male
361,Kelly Vargas,"348 Spencer Run Suite 030 Brownburgh, NC 71987",51,Other
362,Katherine Murray,"86141 Mejia Estates Donovanview, MO 01139",30,Female
363,Robert Powell,"23501 Reed Villages Port Robert, KY 89771",40,Other
364,Jeremy Rodriguez,"08294 Michael Path Apt. 053 Stephaniefort, IN 97199",79,Other
365,Tina Weaver,"0734 Wendy Route Apt. 029 Lake Angela, SC 49831",70,Male
366,Susan Powell MD,"88500 Daniel Lodge East Lisaville, LA 52965",33,Male
367,Brian Burnett,"7254 Harvey Port East Johnnystad, TN 31696",27,Female
368,Megan Davis,"0947 Tammy Rest Suite 132 Thompsonfort, CA 87220",30,Male
369,Zachary Foster,"1452 Lauren Oval Suite 489 Cannonberg, CA 85285",56,Male
370,Michael Chapman,"623 Graham Camp Kimberlyview, IA 80277",66,Other
371,Caleb Bowman,"7977 Brianna Extension Apt. 943 West Jeffmouth, VT 91358",22,Male
372,Zachary Shelton,"20481 Jason Ways South Brian, CO 60453",78,Other
373,Gina Orr,USNV Williams FPO AA 41286,49,Female
374,Sarah Thompson,Unit 2674 Box 7558 DPO AA 51788,66,Other
375,Lauren Kennedy,"36312 Perez Camp Suite 395 Lake Ashleyberg, NJ 80288",66,Other
376,Tiffany Brown,Unit 4403 Box 6156 DPO AP 95610,46,Other
377,Ryan Richards,"2298 West Run Apt. 662 Lake Amanda, IA 88389",77,Other
378,Rita Jimenez,"99192 Andre Trail Suite 304 South Stacey, ID 94712",59,Other
379,Jason Brown,"87608 Deleon Estates New Kevinland, VT 04549",57,Female
380,Timothy Jenkins,"336 Clark Mountains North Patricia, MN 03781",73,Other
381,Briana Choi,"633 Miller Forest Lake Christopherport, TX 30519",38,Male
382,Todd Rice,"25496 Castillo Radial Apt. 379 Gregoryfurt, MA 25867",46,Male
383,Kelly Rogers,"909 Robert Square Apt. 784 Parrishmouth, MN 36845",48,Female
384,Sara Davidson,"PSC 3408, Box 0091 APO AE 64394",58,Female
385,Alexandra Gibbs,"10007 Vanessa Mountains Apt. 362 Molinabury, SC 32426",68,Female
386,Denise Watson,"4174 Alyssa Extension Kaitlynchester, NJ 00857",55,Male
387,Jill Kim,"3864 Jay Mount Apt. 940 North Ryanport, MA 64176",40,Other
388,Ronnie Martin,"040 Wright Mills Apt. 708 Kevinstad, CA 08366",22,Female
389,Chelsea Harris,"3242 Martinez View Apt. 066 North Scott, NM 72152",47,Female
390,Jackie Kelly,"7261 Jessica Forest Jensenport, AZ 76914",20,Male
391,Nancy Armstrong,"01108 Mason Flats Courtneyville, IN 26338",41,Female
392,Steven Smith,"784 Kristin Crossroad West Joel, VA 43745",22,Other
393,Jill Hernandez,"44272 Robert Hills Suite 608 South Destiny, AL 08041",73,Male
394,Thomas Mccall,"544 Lane Park Lake Davidview, NV 94136",57,Other
395,Michelle Bailey,"30829 Hanson Knolls Clarkborough, NH 17162",50,Female
396,Cynthia Casey,"8223 Saunders Prairie Suite 634 East Stephenmouth, WV 06510",47,Other
397,Ruben Kent,"3060 Matthew Villages Suite 118 East Billchester, MT 31863",53,Other
398,Christie Thomas,"1335 Jimenez Course Apt. 296 Williamsview, NJ 80647",75,Male
399,Regina Hughes,"11798 Jones Island Suite 371 East Juanside, RI 49981",46,Other
400,Tiffany Serrano,"139 Jodi Viaduct Apt. 250 New Lori, AK 54052",59,Male
401,Mary Foster,"41159 Shields Spurs North Michael, NC 43098",38,Other
402,Sherri Wilkerson,"933 Reilly Trail Apt. 058 Marymouth, IN 74928",48,Other
403,Kevin Brown,"2070 Billy Unions Suite 192 Port Holly, SC 54436",27,Male
404,Alicia Dixon,"05411 Brent Center Suite 895 Shepardview, MA 75940",46,Male
405,Kim Wong,"805 Gonzales Roads Smithberg, DE 75806",69,Female
406,Lindsey Hudson,"6901 Angela Crossroad New Charleshaven, RI 21623",80,Other
407,Colton Perez,"PSC 7760, Box 5635 APO AE 67534",23,Other
408,Natasha Roberts,"309 Nancy Square Suite 667 Adamport, AR 07672",59,Male
409,Joshua Porter,"8290 Howard Valley Suite 583 Onealhaven, CO 49517",20,Male
410,Renee Burch,"660 Hart Isle Apt. 403 New Robinshire, HI 59993",63,Female
411,Michael Martin,"8050 Jennifer Mountain Apt. 294 North Jeremy, LA 22072",46,Other
412,Jacqueline Lee,"7603 Timothy Road Sharonshire, SC 98679",51,Other
413,Dana Garner,"24903 Garrett Loaf Suite 899 Lopezmouth, KY 36639",28,Female
414,Michael Contreras,"7180 Mike Island Port Ginaburgh, MO 82859",41,Female
415,Michael Watts,"816 Brown Stravenue Port William, NJ 53857",42,Female
416,Michael Hall,"5400 Eddie Land Suite 974 Reneeside, OR 22640",67,Female
417,Michael Williams,"491 Brandon Rapids West Samanthaland, SD 50128",61,Other
418,Mitchell Carter,"25318 Megan Inlet Wendyville, CO 43088",21,Other
419,Alexander Jenkins,"1175 Campos Mills Apt. 774 Darlenefort, LA 38572",59,Female
420,Christopher Sheppard,"PSC 0152, Box 4744 APO AE 05781",22,Female
421,Jeremy Schmidt,"56697 Gordon Springs Smithfurt, NV 49767",24,Other
422,Sandra Henderson,"23882 Nelson Rapids Apt. 607 Becktown, SD 10821",61,Female
423,Jonathan Carter,"7069 Anderson Shoals Apt. 518 Lake Anthony, SC 41325",36,Female
424,Sophia Young,"1621 Gould Ferry Cassandramouth, NV 05633",64,Other
425,Valerie Baker,"8041 Jordan Mission Patriciabury, CA 74237",79,Other
426,Alexandria Chan,"6385 Victoria Causeway Lake Anthony, NJ 70274",73,Male
427,Ryan James,"70848 Nguyen Bridge Port Stephanie, MO 75342",39,Male
428,Jacob Soto,"8390 Brady Circle Suite 901 Melissaside, IL 66422",55,Other
429,Ashley Perkins,USS Smith FPO AE 82482,27,Female
430,Justin Gentry,"214 Christy Fort Timothyland, CT 63787",37,Other
431,Dr. Kimberly Campbell,"93857 Christina Station Apt. 175 Lake Haley, IA 98608",62,Other
432,John Miller,"5259 Craig Stravenue Apt. 975 Lake Amandaport, MS 89749",43,Male
433,Joanna Chapman,"427 William Viaduct Port Michele, MN 08619",56,Other
434,Nicholas Rogers,"34378 Rivera Wall Apt. 619 Williamschester, ND 46786",78,Male
435,Kathleen Russell,"42945 Lisa Plaza Apt. 399 Lake Christopher, HI 09759",37,Other
436,Jennifer Weaver,"29581 Tanya Radial Matthewsshire, KS 66325",42,Other
437,Krystal Johnson,"684 Angela Squares Suite 759 Port Hannahtown, ID 43490",68,Female
438,Wanda Ray,"62330 Shaw Plaza Suite 812 Kiddhaven, OK 57020",70,Male
439,Brandon Russell,"811 Martinez Walks Suite 128 New Lisa, FL 52210",60,Other
440,Ernest Grant,"00907 Michelle Turnpike Apt. 753 South Linda, CA 35485",71,Other
441,Judith Evans,"760 Cox Walks Lake Marioburgh, MA 34511",61,Other
442,Christine Deleon,"86996 David Avenue Port Markhaven, SC 53584",23,Other
443,Michael Barnett,"0473 Laura Vista North Katie, NM 04089",60,Female
444,Jacqueline Myers,"139 Jennifer Dam Apt. 214 East Alexandriafort, TX 23863",50,Female
445,Carl Watson,"040 Mcgrath Ferry Fraziertown, NV 92022",19,Female
446,Andrea Watkins,"67989 Christopher Land Apt. 413 Lake Garyfurt, NY 42329",37,Male
447,Dean Graham,"76808 Walls Manors Apt. 179 Port Christineview, DC 41907",78,Male
448,Gary Roberts,"9684 Matthew Pines Suite 276 North Julia, CT 53101",39,Female
449,Sheri Brewer,"3199 Torres Shoals Apt. 251 Port Jontown, PA 71093",30,Male
450,Adam Little,"234 Victoria Ridges Sanchezview, LA 93276",26,Male
451,Tyler Morris,"868 John Hills Apt. 483 Alantown, KY 08781",22,Female
452,Anthony Davis,"52106 Beck Mission Suite 046 Terryfort, MN 67288",72,Male
453,Darren Griffin,"277 William Square Suite 742 Burchport, MS 40159",50,Other
454,Alex Parker,"PSC 2896, Box 6691 APO AP 21178",71,Other
455,Johnny Atkinson,"132 Jonathan Junctions Apt. 896 Port Kara, TN 60143",74,Other
456,Juan Boyd,"4931 Jennifer Shores Suite 153 Diazville, MO 18103",20,Other
457,Richard Rowe,"56598 Crawford Radial Apt. 408 Luisstad, VT 83428",39,Other
458,Anthony Thompson,"544 Klein Walks Kristinmouth, RI 96754",26,Other
459,Jacob Young,"6096 Nathan Stream Lake Matthewfort, SD 61449",42,Male
460,Cole Norris,"472 Amy Spur Apt. 700 North Donnaborough, WA 73302",28,Male
461,Hannah Lewis,"357 Cole Motorway Suite 880 New Christopher, OR 44635",71,Other
462,Caleb Lewis,"1412 Cassidy Crossroad Suite 912 New Carolineborough, MA 24552",67,Other
463,Matthew Reid,"6697 Smith Forks Lake Kenneth, IA 16204",69,Male
464,Nicole Hernandez,"820 Farmer Mission Stricklandborough, CA 65043",64,Female
465,Alexis Graham,"5869 Andrew Wall Suite 360 East Michaelfort, NV 08163",20,Female
466,David Griffin,Unit 7318 Box 7009 DPO AE 82130,41,Other
467,Beverly Rogers,"668 Molina Mountain Gonzalezland, AK 40058",64,Male
468,Gina Green MD,"0739 Stewart Mill Medinafurt, AL 89325",80,Female
469,Jennifer Walker,"1266 Wright Curve East Breannamouth, WA 81105",57,Female
470,Elizabeth Fitzpatrick,"083 Connie Park Seanton, GA 38801",66,Other
471,Michael Powell,"80629 Espinoza Cliff Brianburgh, CO 87944",68,Female
472,Amber Stewart,"83461 Gerald Underpass Suite 860 South Elizabethville, OR 40409",32,Other
473,William Smith,"156 Carr Wall Apt. 618 Mitchellport, ID 88904",33,Female
474,Jody Taylor,"2313 Laurie Center Nicoleburgh, HI 83443",79,Female
475,David Mccall,"213 Ortiz Stravenue Lake Shelley, DC 03853",75,Male
476,Jessica Santana,"238 Albert Plain Apt. 434 South Cindyville, NV 14102",41,Other
477,David Liu,"53706 Christopher Tunnel Suite 780 Amyfort, UT 47431",78,Other
478,Kenneth Peterson,"17909 Shea Port Suite 309 South Robert, KS 04456",46,Female
479,Aaron Saunders,"76953 Theresa Island Apt. 621 Allisonshire, CT 81452",67,Female
480,David Becker,"8454 Maddox Forest Suite 419 New Timothybury, TN 10487",67,Female
481,Cassandra Palmer,"031 Blake Forge Jasonview, VT 36885",50,Other
482,Brian Irwin,"872 Ramirez Lane Port Daniel, NC 87213",44,Male
483,Cassandra Cunningham,"4382 King Burg Apt. 555 Holtview, OR 70460",70,Male
484,Jennifer Ellis,"12762 Suarez Gateway Suite 619 Port Phillip, CO 87538",69,Other
485,Olivia Reyes,"56197 Chavez Parkways East Shelleyland, TN 95351",26,Female
486,James Kirby,"4229 Greene Ford Apt. 424 Lake Robert, MI 39929",21,Other
487,Sabrina Green,Unit 7872 Box 4033 DPO AA 60516,48,Female
488,Michael Hardy,"27713 Carlson Brook Port Peggy, NM 77506",53,Male
489,Carrie Johnson,Unit 6669 Box 8753 DPO AP 65153,63,Other
490,Lisa Garcia,"456 Joseph Course Saraport, RI 69680",72,Male
491,Krystal Hall,USCGC Schmidt FPO AE 30234,36,Male
492,Christopher Norman,"5114 Alexander Trail Jonathonhaven, WI 84789",66,Male
493,Jessica Sullivan,Unit 9449 Box 1605 DPO AA 62425,35,Female
494,Stephen Rodgers,"4013 Townsend Point Brewerfort, OR 32106",75,Other
495,Shane Bridges,"21898 Peters Isle Millerside, MT 66171",27,Female
496,Ariana Gallagher,"9759 Sims Rest North Mariahaven, WI 60636",23,Male
497,Jamie Chavez,"4375 Ramirez Lodge Suite 357 West William, IN 81789",70,Female
498,Todd Salas,"3304 James Knoll Ryanberg, AR 42246",74,Female
499,Jordan Cook,"1669 Young Plains Port Maryville, AR 43591",77,Male
500,Desiree Taylor,"2347 Emily Way Ronaldmouth, NV 39775",44,Male
501,Cassandra Martinez DVM,"660 John Forks Gabrielbury, FL 35080",43,Other
502,Kimberly Acosta,"PSC 9902, Box 1616 APO AP 13571",41,Male
503,Derek Middleton,"229 Sarah Parks North James, SD 67258",42,Male
504,Steven Dominguez,"68981 Murphy Lake Shafferburgh, FL 57371",41,Male
505,Stephanie Lopez,"66952 Dana Motorway Suite 297 Ronaldhaven, SC 27820",19,Female
506,Joshua Davis,"52143 Cortez Groves North Loriside, OK 14995",77,Male
507,Connor Mitchell,"0420 James Field North Brandi, SC 30681",71,Other
508,Megan Montgomery,"56699 Perry Parkways Lindaburgh, WA 85194",59,Female
509,Eric King,"6965 Allison Land Suite 531 West Nicholas, ME 26120",68,Male
510,Justin Vang,"823 Miller Shoal Suite 089 North Michaelhaven, NV 88617",26,Male
511,Tyler Turner,USNS Jones FPO AE 61328,36,Female
512,Elizabeth Hampton,"57530 Johnson Loaf Apt. 311 Lake Tammy, GA 27293",62,Male
513,Donald Pineda,Unit 2797 Box 1979 DPO AE 48147,66,Other
514,William Wood,"412 Walker Run Suite 057 Henryport, IA 26749",48,Female
515,Cheryl Lopez,"7935 Mills Well Apt. 424 South Sandraport, MO 31461",57,Male
516,Glenn Obrien,"6788 Browning Brooks Apt. 021 Joshuahaven, VA 92042",75,Male
517,Alexander Richmond,"787 Theresa Street Scotttown, PA 86571",19,Female
518,Billy Hernandez,USCGC Foster FPO AA 38273,31,Male
519,Krista Byrd,"591 Richard Camp Lake Bethfort, AZ 38246",53,Other
520,John Whitaker,"7645 Perkins Stream Suite 249 New Matthewview, NM 77917",56,Other
521,Yvette Davidson,"4329 William Radial New Danielshire, OR 20492",45,Male
522,Stephanie Taylor,"0781 Hailey Key Josephshire, ME 14290",67,Female
523,Laura Gonzalez,"47867 Barajas Path Apt. 534 Smithstad, SC 75567",33,Female
524,Randy King,"962 William Haven Apt. 094 Davidville, LA 01422",25,Male
525,Frank Watkins,"29896 Nash Tunnel East Aliciatown, PA 73024",33,Female
526,Christina Perez,"643 Andrew Meadows Suite 354 Rachelberg, AR 29658",58,Other
527,Dennis Smith,"PSC 7869, Box 4574 APO AE 52771",47,Male
528,Maurice Johnson,"32173 Jennifer Summit Apt. 255 East Kristin, KY 71181",25,Female
529,Andrew Wiley,"479 Amber Square Rebeccastad, DE 27110",56,Other
530,Abigail Cross,"PSC 8538, Box 1922 APO AA 24056",19,Other
531,Stephanie Carter,"11628 Sarah Ports Suite 959 Huntton, CO 08429",50,Other
532,Joseph Smith,"4035 John Ranch Suite 580 Hoffmanfurt, WA 07795",33,Other
533,Linda Mcdaniel,"850 Richard Trail Apt. 882 Danafurt, IN 12531",27,Female
534,Sara Cole,"273 Contreras Light East Michaelmouth, RI 58892",45,Male
535,David Pacheco,"17465 Todd Haven Apt. 372 Sweeneyside, MA 10671",57,Female
536,Belinda Reyes,"23485 Bishop Gateway Lisaberg, MI 48260",33,Other
537,David Murphy,"433 Michael Hill Alvarezside, NC 45765",44,Male
538,Daniel Greene,"057 David Mountains Apt. 557 West Timothy, KY 47170",60,Other
539,Mr. Kevin Anderson DDS,"39690 Lawrence Circle Thomasport, AZ 52927",23,Other
540,Catherine Thompson,"77169 Mcneil Haven Apt. 665 East Nicholasmouth, LA 83486",80,Female
541,Reginald Long,"45194 Haley Summit Port Brianmouth, CO 00815",22,Other
542,Patrick Flores,"285 Kenneth Pass Apt. 961 Daltonstad, UT 74615",52,Other
543,Beth Martin,"PSC 2519, Box 0856 APO AA 45412",68,Other
544,Terry Rodriguez,"102 Love Point Suite 193 Scotttown, WA 43639",53,Male
545,Travis Baker,"66269 Larsen Extension Suite 001 Jillton, CO 94841",42,Female
546,Dr. Brandi Carter,"56301 Medina Radial Jessicaville, IN 69886",20,Other
547,Sarah Green,"PSC 2863, Box 2000 APO AA 22452",42,Female
548,Michael Baxter,"27941 Zimmerman Lake Lake Hannahburgh, WV 75076",34,Other
549,Wanda Smith,"PSC 3349, Box 9113 APO AP 09392",19,Female
550,Renee Lopez,"2442 Samantha Well Suite 671 Tammyborough, TX 78537",68,Male
551,Anthony Brown,"02109 Acevedo Radial Apt. 454 Doyleton, FL 58915",40,Male
552,John Lewis,Unit 4921 Box 3394 DPO AE 22901,64,Other
553,Jessica Flores,"203 Melinda Inlet Ashleyberg, NJ 24259",58,Male
554,Andrew Gray,"39412 Joseph Crossing Apt. 536 South Annefort, CO 89461",67,Other
555,Frederick Green,"804 David Extension Clarkville, PA 29179",65,Female
556,Sean Patterson,Unit 2175 Box 3627 DPO AA 86526,26,Male
557,Dale Ortega,"1804 Casey Circle New John, AZ 60573",40,Other
558,Lisa Lin,"565 Brittany Dale South Brandonland, KY 70352",39,Other
559,Curtis Durham,"8918 David Village Comptonborough, MS 38032",29,Other
560,Michaela Figueroa,"47111 Todd Isle Suite 005 South Stephanie, NE 20410",47,Other
561,Ashley Carrillo,"880 Miller Mews New Danny, VT 55530",48,Other
562,Brett Barker,"80596 Johnson Avenue Apt. 942 Port Steven, DC 51458",29,Male
563,Brooke Powell,"9781 Hanson Cove Perezmouth, KS 83551",22,Other
564,Bethany Hicks,"790 Garcia Freeway Edwardsmouth, MS 49117",67,Female
565,Mr. Clinton Garcia Jr.,"62175 Evelyn Ford Suite 659 Stanleyshire, AK 71722",20,Female
566,Stephanie Adams,"372 Renee Ports Port Tonyahaven, IN 89975",30,Male
567,Daniel Mclaughlin,"035 Hogan Fields Port Benjamin, GA 83836",68,Male
568,Austin Chandler,"9902 Robert Green North Aaron, AK 39551",74,Male
569,Ashley Ramirez,"PSC 4350, Box 3702 APO AA 93515",38,Female
570,Jeffrey Thompson,"87219 Steele Views Port Amberfort, CA 88242",50,Female
571,Alyssa Foley,"01338 Johns Greens Suite 520 Middletonside, UT 89102",70,Other
572,Rhonda Davis,"46272 Courtney Highway Suite 441 East Davidborough, VA 58724",48,Female
573,Randy Cole,"690 Edward Haven Suite 544 Frankton, OR 54035",20,Other
574,Ashley Johnson,"2301 Wolf Extensions New Jon, IN 89352",30,Female
575,Christina Weeks,"0057 Williams Landing Suite 557 Conniestad, NJ 27374",40,Male
576,Scott Carey,"07836 Kelly Wall Apt. 073 North Melissa, AZ 92639",73,Other
577,Lori Shea,"3631 Joshua Ranch Apt. 997 Obrienfurt, WA 46042",39,Female
578,Paul Ellis,"233 Wendy Mountains Apt. 813 Port Patrick, NJ 00993",25,Female
579,Dr. Jacqueline Mercado,"600 Young Village West Dawnshire, MA 67649",45,Female
580,Paul Kelly,"08967 Brandy Brook West Lauratown, WV 66885",65,Female
581,Stephanie Zimmerman,"73366 King Brooks Walshland, OR 13828",75,Female
582,Diane Trujillo,"6425 Smith Corners Apt. 009 South Eric, ND 39047",39,Male
583,Ryan Carlson,"9510 Timothy Circles Suite 740 East Nicolehaven, ME 48937",49,Other
584,Kelly Ross,"040 Bennett Walks East Patrick, NY 21879",49,Female
585,Michael Welch,"6351 Angela Harbor Davisville, SD 03997",77,Other
586,Catherine Norman,"2096 Robinson Hollow Suite 941 North Williamhaven, VT 27465",35,Male
587,Kristi Lozano,"33393 Hunter Viaduct Suite 318 North Henry, CA 43304",64,Female
588,Alejandro Wright,USS Randall FPO AA 43446,23,Female
589,Jorge Brown MD,"7490 Williams Shoals Amandaport, VA 60966",56,Male
590,Victoria Whitaker,"716 Lopez Squares Port Sarahhaven, WY 56989",52,Female
591,Teresa Stanley,Unit 3760 Box 1540 DPO AP 51242,38,Male
592,Christina White,"80915 Katherine Motorway North Joseburgh, MN 93861",23,Female
593,Jordan Patterson DDS,"200 Nelson Garden Suite 481 North Amandaton, GA 84717",60,Female
594,Patricia Ortega,"78244 Delacruz Skyway Rebeccaview, OK 04757",37,Female
595,Crystal Williams,"0336 Michael Stream Steventon, NE 56111",56,Other
596,Tom Romero,"5225 Nathan Square Kingfort, CA 10464",45,Male
597,Joy Lam,"0507 Vincent Terrace Lake Shelbychester, ME 12233",62,Female
598,Kevin Cummings,"0438 Davis Forge Alexisborough, VT 69344",40,Female
599,Sarah Carter,"9303 Ronald Mission Apt. 720 Sotoshire, IL 81630",20,Other
600,Jennifer Hernandez,"04014 Jasmine Coves Suite 562 Loriside, ND 26792",73,Female
601,Christopher Johnson,"7115 Colleen Fall Apt. 948 Smithland, IL 62221",57,Female
602,Michelle Schmidt,"30474 Jessica Highway Kyleville, MD 12519",35,Other
603,Jeffrey Drake,"6596 Weber Ford Apt. 950 Baileybury, MI 89937",80,Male
604,Michael Price,"7105 Davis Falls North Taylorchester, CA 38419",22,Other
605,Karen Welch,"71451 Rodriguez Turnpike East Patrick, CT 25635",58,Female
606,Karen Page,"07916 Lewis Meadow Lake Matthewland, VT 94599",41,Other
607,Patrick Buck,"00778 King Highway Apt. 105 Ryanmouth, OH 79454",69,Other
608,James Hutchinson,"89610 Kelley Lakes Griffinview, LA 18222",61,Male
609,Elizabeth Warner,"64915 Kiara Tunnel Shawntown, DE 67324",78,Male
610,Gary Mills,"4406 Cruz Cliff Lake Grant, WA 28999",27,Other
611,Kimberly Howard,"223 Christopher Track Hughestown, NE 01177",61,Female
612,Christina Parks,"029 Gregory Spur Aaronfort, PA 35505",20,Male
613,Michael Lee,"37008 Vargas Fields Smithfurt, MO 05367",22,Male
614,Tracy Howard,"266 Hernandez Springs Apt. 469 West Justinchester, ID 06827",67,Other
615,Mark Mcbride,"5608 Lauren Fort Apt. 382 South Jack, KY 39150",41,Female
616,Amy Harmon,"572 Ryan Fields Suite 735 South Gary, KS 57595",42,Other
617,Jennifer Flores,"2638 Morales Mountains Apt. 771 Nathanielside, ND 26150",20,Other
618,Katie Jenkins,"91050 Tiffany Shoal Apt. 262 New Stephaniebury, CA 04251",27,Other
619,Ryan Ward,"6402 Flynn Track New Larry, TX 38917",46,Female
620,Jessica Cameron,"0589 Allen Inlet Apt. 213 West Steven, NM 10341",41,Female
621,Angelica Wood,"843 Henry Garden Arnoldchester, AR 68250",66,Male
622,Paul Ryan,"637 Berry Crossing Suite 000 Lake Barbaraville, WV 54606",54,Male
623,Gregg Larsen MD,"PSC 9392, Box 4146 APO AP 89857",51,Female
624,Jason Carpenter,"4008 Wong Row South Marchaven, AZ 61995",43,Female
625,Matthew Joyce,"15838 Christy Burgs Suite 183 Port Ronniemouth, AZ 62746",59,Female
626,Amy Brown,"5542 Robert Trail Port Jennifer, VA 85338",33,Male
627,Louis Adams,"32185 Reese Bypass South Cassandraview, RI 06459",19,Other
628,Robin Juarez,"1815 Walker Tunnel Whitneyfort, IL 76772",29,Female
629,Casey Harris,"3101 Timothy Well New Angela, OR 28396",51,Female
630,Veronica Thompson,"16506 Jason Courts Apt. 905 Fitzgeraldton, CT 03411",76,Other
631,Madison Flores,"25783 Edwards Way Apt. 461 Chadberg, VT 74075",25,Female
632,Austin Rivera,"1139 Todd Viaduct East Lydiatown, WA 96946",67,Female
633,Michael King,"17883 Alvarez Burgs Apt. 028 East Jackie, CO 68368",63,Female
634,Cameron Torres,"2751 Valerie Run South Charlesfurt, AK 50687",31,Other
635,Stephen Rosales,"35282 Morris Trafficway New Tamara, ME 42813",36,Other
636,Jeffrey Williams,"005 Moran Plaza Suite 927 Lake Michael, NE 09557",76,Female
637,Mary Allen,"773 Ryan Track Arroyochester, LA 94999",30,Male
638,Jacqueline Ward,"124 Walker Wall Lake Shelby, NC 28276",26,Male
639,Melissa Rich,"2583 Odom Highway Port Caroline, IL 48834",46,Male
640,Chelsea Rios,"912 Ross Court Apt. 070 West Davidfurt, MI 38938",75,Other
641,Wesley Castaneda,"19199 Kylie Cliff Apt. 351 North Marcburgh, VA 17568",46,Male
642,Lisa Hodge,"0389 Cheryl Path South Mercedesside, NJ 63274",69,Other
643,Dale Frank,USCGC English FPO AE 85108,79,Female
644,William Galvan,"PSC 2794, Box 3399 APO AE 06510",60,Female
645,Gail Sanchez,"266 Sara Camp Suite 116 Smithstad, MA 79309",63,Male
646,Matthew Vega MD,"5765 Acosta Gardens Gatesfort, VT 19195",53,Other
647,Diane Morales DDS,"3944 Nicole Locks Donaldton, KY 31617",36,Female
648,Sandra Liu,"3583 Lewis Hills Trujilloborough, WA 47341",72,Male
649,Christine Smith,"33254 Angela Center East Crystalton, DE 20588",63,Other
650,Brian Schroeder,"15589 William Gardens East Vickiview, KY 12593",77,Other
651,Terry Williams,"144 Roberts Mill Annetteton, NM 34667",58,Male
652,Joe Frazier,"9509 Walsh Place Martinezside, MI 93284",68,Female
653,Amanda Carroll,"15098 Regina Mall West Jeffreyshire, IL 53414",50,Male
654,Joseph Chandler,"753 Jennifer Mills Suite 460 West Billy, MD 39762",25,Male
655,Jeremy Callahan,"5571 Megan Mission Suite 966 Paulview, UT 82756",68,Male
656,John Barber PhD,"459 Nicholas Port Apt. 381 Jenniferstad, WI 38958",33,Female
657,Valerie Roberts,"64903 Jill Burgs Apt. 268 Flowersfurt, VT 28430",19,Female
658,Julia Todd,"96178 Davis Village Apt. 337 Nicoletown, PA 14428",53,Other
659,Charles Taylor MD,"1160 Brittany Square Suite 055 East Michellemouth, NH 10469",41,Female
660,Lindsay Allen,"68757 Hanna Park Lake Dominique, VT 62621",69,Other
661,Denise Chavez,"208 James Trail Suite 551 Deniseborough, TX 71878",26,Other
662,Richard Hatfield,"4366 Graham Circle Apt. 041 Crawfordbury, WV 45202",74,Male
663,Mindy Carrillo,USNS Taylor FPO AE 55769,22,Female
664,Jonathan Wright,"904 Oscar Glen New Lindseychester, HI 06798",43,Other
665,James Andrade,"68951 Gabriel Points Lake Ebonyport, MO 90234",64,Female
666,Justin Calhoun,"394 Gallagher Prairie Suite 921 Walkerview, LA 27328",51,Female
667,Jordan Walker,"169 Williams Station New Brian, FL 82536",67,Female
668,Melissa Hayes,"745 Harrison Centers Lisashire, NE 78814",70,Other
669,Kelly Ortega,"29577 Cindy Glens Suite 753 New Thomasmouth, ND 21844",22,Male
670,Brian Gonzales,"816 Sabrina Expressway Suite 535 New Katrina, PA 15792",80,Female
671,Lauren Hill,"506 Park Crescent Apt. 141 West Rachaelfort, NY 92280",59,Male
672,David Gray,"62370 Melissa Ramp East Michelleburgh, SC 33520",46,Female
673,Kristen Savage,"0937 Brittney Via Suite 818 Erinstad, WV 68110",61,Other
674,Veronica Williams,"54105 Jennifer Course Suite 438 Mcneilside, ND 28445",40,Male
675,James Carter,"347 Cole Forge Bellland, NJ 42637",74,Other
676,Sherry Williams,"3084 Kelley Hill Coreyside, CO 25628",58,Other
677,Steve Dennis,"6143 Eric Center Apt. 429 Sherrystad, MA 28937",29,Male
678,Joshua Dougherty,"638 Anderson Mission Apt. 391 South Christopherfort, MN 21602",45,Other
679,Meghan Bond,"75970 Kimberly Lane Apt. 945 Joshuaborough, WI 02963",76,Male
680,Sonya Li,"7084 Emily Ranch Apt. 897 South Brianstad, MD 85374",71,Male
681,Mark Shepard,"9333 Smith Coves Apt. 836 Englishborough, UT 33323",51,Male
682,Lucas Mcclain,"2825 Kevin Mall Apt. 646 South Susanstad, MD 48174",37,Male
683,Michael Boyer,"60418 Joanna Spring Suite 116 South Patriciachester, IN 21918",28,Female
684,Michael Rowe,Unit 8999 Box 4109 DPO AA 72751,77,Other
685,Joshua Roberson,"77877 Yvonne Falls Davidsonstad, MI 64044",32,Female
686,Robert Anthony,"649 Tyler Lane Martinezville, RI 45349",78,Other
687,Bradley Salinas,"79283 Rodriguez Ports South Catherine, ND 63985",75,Female
688,Robert Allen,"PSC 8662, Box 1941 APO AA 97909",72,Male
689,Dr. Judy Davis DVM,USNV Johnson FPO AP 69075,34,Male
690,William Gonzalez,"0925 Lamb Wall Jeffreyburgh, MD 47792",58,Other
691,Jared Walker,"69800 Carlson Canyon Apt. 811 Derrickland, DE 49434",35,Male
692,Karen Cisneros,"6969 Taylor Burg Apt. 624 West Karimouth, UT 18113",58,Female
693,Kevin Powell,"334 Williams Prairie Suite 437 New Kellie, KS 10919",57,Other
694,Clifford Ross,"307 Brandon Way Apt. 090 Cabreraville, MI 24105",23,Other
695,Antonio Hughes,"8922 Deborah Centers Apt. 039 Lake Stephanie, ID 02315",59,Male
696,Aimee Allen,"71659 Debra Estates Apt. 245 North Megan, MS 08760",55,Other
697,Clayton Taylor,"8232 Gabriel Place Wallerburgh, UT 00800",27,Male
698,Michelle Gregory,"22682 Chelsea Port Suite 032 West James, OH 90524",60,Other
699,Brandon Davis,"627 Evans Pike New Angela, MS 45173",64,Other
700,Susan Phillips,"643 Jordan Rapid Apt. 975 East Kevin, VA 53227",39,Other
701,Troy Klein,"571 Kline Viaduct Suite 045 Garrisonburgh, HI 96439",20,Male
702,Miss Claire Blankenship DDS,"7330 Johnson Underpass North Angelaberg, ME 19258",23,Male
703,Rebecca Livingston,USS Taylor FPO AE 46557,78,Other
704,Kenneth Wilcox,"88756 Walker Square Suite 469 South Georgeside, SD 62948",67,Other
705,Carmen Brown,"67000 Kimberly Mountains East Jasmine, NE 62002",34,Other
706,Monica Hart,"732 Carol Falls Apt. 795 North Jesse, AL 58286",31,Other
707,James Roach MD,"91416 Morrow Street South Daltonview, OK 95596",44,Other
708,Craig Torres,"PSC 3038, Box 5677 APO AP 99494",58,Male
709,Karen Black,"46508 Michele Road Lake Gracebury, OH 04700",49,Other
710,Kristina Rogers,"529 Watson Trace Matthewstad, LA 66325",52,Female
711,Joseph Wilson,"88699 Amanda Crossing East Michael, OH 97365",59,Female
712,Rachel Carson,"60311 Haley Mill Suite 492 Hoffmanland, MN 44130",48,Male
713,Mason Vargas,"9079 Andrew Ramp Josephville, IN 16266",69,Other
714,Luis Berry,"40593 Kimberly Hills North Christopherhaven, MD 00794",43,Female
715,Shannon King,"137 Pena Rest Apt. 289 New Robertton, VT 76009",47,Male
716,Andrea Jackson,"672 Singleton Pass Suite 486 Kennethshire, LA 10550",62,Male
717,Christopher Ford,"6844 Michaela Roads Larrytown, MO 07396",28,Female
718,Theresa Edwards,"741 Mary Lake Carrollfort, RI 33621",44,Female
719,Anna Glover,"1514 Taylor Cove Apt. 093 Mcleanside, TN 78912",47,Male
720,Christopher Ford,Unit 5322 Box 2707 DPO AA 09112,39,Other
721,Catherine Rivera,"57270 Amy Crescent Apt. 338 Copelandside, VA 40794",27,Female
722,Matthew Roman,"5700 Davis Dale Suite 875 North Marissahaven, SC 27155",73,Other
723,Julie Knight,Unit 5140 Box 6708 DPO AE 76957,38,Other
724,Madison Hamilton,"83830 Luis Falls Jenniferfort, AK 63768",73,Female
725,Jesus Roth,"253 Yvonne Viaduct Apt. 680 Kimberlyside, IA 23937",80,Female
726,Courtney Lewis,"3776 Bryan Street Suite 046 Brianmouth, NM 61618",26,Female
727,Kyle Griffin,"263 Russell Circles Suite 734 Kentview, WY 19729",50,Other
728,Sarah Guzman,"7967 Clark Track Apt. 467 Atkinstown, IN 06887",24,Female
729,Pamela Brown,"4827 Hicks Street Apt. 739 North Theresa, MT 94360",33,Female
730,David Cabrera,"280 Farley River Suite 488 Waltonbury, MS 50451",25,Female
731,Kara Dorsey,"0953 Cynthia Brook North Ryanfurt, NV 76647",46,Male
732,Gregg Lewis,"4622 Theodore Square Suite 007 East Sabrinaborough, OH 96691",27,Male
733,James Powers,"09061 William Orchard Suite 538 Jennaborough, KS 44438",21,Female
734,Aaron Richmond,"5878 Martinez Coves Suite 163 New Ashleyfort, AR 26816",78,Female
735,Christopher Jones,"023 Brady Courts Robertsonbury, TX 07069",73,Other
736,Eric Wagner,"1864 Melissa Forge East Tammy, ME 05556",44,Male
737,Carrie Walker,"3574 Bender Meadows Suite 098 Evansbury, RI 23242",79,Male
738,Kayla Bowman,"2127 Owens Village Apt. 378 Timothyland, TN 00732",70,Female
739,Judy Marquez,"17925 Lopez Plaza Suite 047 North Austin, OR 66650",77,Other
740,Mr. Daniel Cooper,"8380 Robert Shoals North Josephfort, SC 95265",64,Female
741,Michelle Keller,"PSC 1281, Box 8110 APO AP 03996",30,Male
742,Melissa Mayer,"65619 Hill Vista Justinmouth, AR 45806",49,Other
743,Christopher Zimmerman,"56734 Miguel Plains Apt. 863 New Brian, AZ 02426",47,Female
744,Lisa Castro,Unit 2948 Box 4461 DPO AA 72847,74,Female
745,Amber Day,"9328 Dana Skyway Apt. 888 West Vickitown, SD 64448",49,Male
746,Joan Silva,Unit 8421 Box 5085 DPO AA 55010,23,Female
747,Joshua Jenkins,"90448 Wayne Drive Suite 367 Mercadofurt, GA 34799",50,Female
748,Ellen Bailey,"08106 Stokes Harbors Lewisside, AR 43460",79,Male
749,Vanessa Dixon,"014 Christina Shoal Apt. 145 East Annastad, CA 80164",31,Other
750,Rhonda Edwards,"81339 Tucker Dale Suite 574 East Christopherfort, MA 15862",40,Male
751,Hailey Gallagher,"431 Brewer Crossroad Suite 447 East Katie, CA 54764",21,Female
752,Casey Bryant,"81988 Rodriguez Roads Amyside, AK 36227",49,Other
753,Shelly Zhang,"33976 Hoover Ridge East Erica, WV 64772",74,Other
754,Veronica Reese MD,"235 Patty Route Tinaville, WA 59550",61,Female
755,Mary Williams,"3997 Brent Pines Matthewview, OK 93779",36,Other
756,Brittney Holland,"253 Victoria Cliffs Apt. 376 Carrstad, CT 19280",18,Male
757,Luis Strickland,"8877 Green Burgs Apt. 342 East Johnborough, OK 68725",45,Male
758,Janet Vega,"07737 Sandoval Station Suite 125 South Brittany, AL 14650",74,Female
759,Tiffany Robinson,"0341 Jonathan Union Debbiemouth, MO 41497",64,Female
760,Taylor Carter,"8516 Cannon Greens Cowanville, UT 63724",66,Female
761,Justin Bautista,"5521 John Manors Suite 496 Jessicaberg, AL 92066",41,Male
762,Valerie Taylor,"0170 White Fall New James, NY 52584",43,Male
763,John Jones,"20833 Kelsey Skyway Apt. 539 Lisafurt, ME 42231",54,Other
764,Laura Weber,"3519 Bowman Burgs Apt. 837 New Taylor, SC 58021",30,Female
765,Stephanie Hall,"848 Eric Court Port Isaactown, LA 56658",53,Female
766,Paul Krueger,"608 Vaughan Viaduct Suite 128 Port Kevinstad, UT 47659",22,Female
767,Courtney Hodges,"555 Hill Crest Suite 592 Davidberg, AZ 39678",50,Female
768,Candace Deleon,"4218 Ashley Vista Suite 533 South Markton, NE 72819",66,Other
769,Nichole Stewart,USNS Morrow FPO AP 33728,35,Other
770,Pamela West,"75789 Jackson Curve Apt. 036 Port Katherineburgh, NV 34005",61,Other
771,Christopher Pacheco,"122 Chad Shoals Suite 104 New Carolyn, WA 32642",25,Male
772,John Huff,"8344 Tiffany Forest North Michaelport, HI 93410",80,Male
773,Stephanie Hill,"63926 Deanna Plaza East Matthew, DC 40436",43,Female
774,Elizabeth Nichols,"64424 Thompson Views Apt. 003 Marymouth, MA 79331",68,Female
775,Jessica Brown,"96615 John Estates Carrfurt, NV 00815",53,Female
776,Cassandra Martinez,"475 Burns Mills Suite 949 Johnsonmouth, ID 10055",66,Male
777,Brian Romero,"34107 Valerie Brook New William, ND 60665",30,Other
778,Julia Frey,"64555 Tucker Avenue Apt. 964 West Adamchester, ME 87915",50,Female
779,Mariah Livingston,"666 Jamie Burg Apt. 971 Johnsonfort, VA 38710",50,Male
780,Jimmy Anderson,"PSC 3166, Box 6031 APO AA 23572",20,Male
781,Craig Washington,"38750 Pamela Lodge Suite 636 Hillstad, SD 05842",26,Other
782,Joseph Hayes,"8041 John Fork Lindachester, NV 14176",39,Female
783,Nathan Landry Jr.,"42361 Donald Forges Apt. 371 Lake Elizabeth, SC 64473",51,Female
784,Matthew Noble,"483 Rodriguez Circle Apt. 138 Garciaberg, NE 80499",27,Other
785,Melissa Mcconnell,"88997 Russell Ridges Suite 936 East Danielside, CO 75606",75,Other
786,Jeffery Quinn,"39201 Black Corners Suite 559 Kimmouth, SD 08399",26,Female
787,Amy Walker,"9135 Mary Trail Apt. 512 Cooktown, GA 01338",77,Other
788,Michael Wilcox,"50123 Kristi Streets Suite 889 New Jenniferborough, NY 22594",38,Male
789,Ashley Hernandez,"8548 Thornton Drive Natalietown, ME 42520",43,Other
790,Katherine Mendoza,"PSC 5201, Box 4923 APO AP 99620",65,Female
791,Kristie Schmidt,"61981 Ashley Unions Port Lisahaven, KS 60440",55,Female
792,Suzanne Baker,"50029 Johnson Cliff Suite 085 Melvinmouth, IN 87357",50,Other
793,Jordan Kennedy,"763 Walton Island Thompsonton, ME 62603",52,Female
794,John Robinson,"238 Maldonado Camp Suite 807 Alisontown, ID 52609",63,Other
795,Sharon Gomez,"077 Dean Tunnel West Kevin, SD 44758",37,Female
796,Mckenzie Mora,"881 Gutierrez Mission Berghaven, OK 84088",70,Male
797,Diana Gray,"90008 Long Ferry Apt. 533 Sheltonview, CO 58383",41,Female
798,Benjamin Wallace,"PSC 9454, Box 6309 APO AE 44656",61,Male
799,Omar Martinez,"7392 Browning Cove Apt. 717 Amyville, WI 89203",80,Female
800,Matthew James,"89783 Brandon Views South Laura, PA 87728",55,Female
801,Jamie Parks,"35843 Stephen Skyway Suite 414 East Christinafort, FL 28870",68,Other
802,Kristopher Gonzalez,"4382 Steven Ports Apt. 186 East Norman, CA 35292",73,Other
803,Nicholas Luna,"1900 Shane Mills Suite 378 South Henry, WA 26001",58,Male
804,Robert Gibson,"32295 Brett Lake Port Sharon, CA 04060",56,Female
805,Kelly Rodgers,"53951 Angela Shores Apt. 157 Lake Jessicaside, TX 96029",34,Other
806,Jennifer Terry,"45423 Johnson Roads Jenniferbury, DE 83617",68,Other
807,Barbara Skinner,"3930 Jacob Club Apt. 463 Leemouth, ID 95375",54,Male
808,Daniel Contreras,"077 Watkins Creek Apt. 755 Gilbertville, IA 17860",64,Male
809,Wayne Thompson,"9920 Perez Turnpike Cunninghamton, AL 17771",55,Female
810,Brandi Allen,"96115 King Union Suite 476 Morrischester, NH 46469",28,Other
811,Tonya Kelly,"8312 Lori Prairie East Christopher, GA 10274",58,Other
812,Eric Evans,"67731 Castillo Drives Suite 438 Aliciatown, NY 23195",57,Female
813,Alex Gilbert,"062 Nelson Mission West Jorgestad, AK 24407",27,Other
814,Sarah Avila,"8022 Bennett Row Longhaven, CA 68724",33,Male
815,Heather Taylor,USS Atkins FPO AA 55482,54,Other
816,Ashlee Hancock,Unit 4252 Box 1330 DPO AA 88324,25,Male
817,Eric Bush,"5390 Kyle Ford Suite 447 New Patrick, FL 35763",19,Female
818,Matthew Diaz,"9686 Green Passage Thomasburgh, AL 86598",38,Female
819,Michael Brown,"286 Michael Harbor Apt. 584 Melissaport, IN 48399",27,Female
820,Tyler Roman,"30896 Jasmine Rue Apt. 132 Janetbury, IN 46799",62,Male
821,Jeremy Miller,"94229 Campos Plains Apt. 279 Duranview, TN 64980",44,Other
822,Brandon Porter,"4439 Sandoval Glen Apt. 407 North Ashley, WI 04474",67,Other
823,John Palmer DDS,"8606 Martinez Forges Howellberg, HI 18101",76,Female
824,Amanda Rich,"88746 Dennis Park Joneston, NH 06451",73,Other
825,Alan Robles,USS Sims FPO AA 45046,64,Male
826,Caitlin Nixon,"76698 Ann Expressway Port Shannon, IN 46244",63,Male
827,Melissa Walters,"0427 Mary Tunnel Suite 585 Lake Michaelbury, DE 66290",51,Male
828,Julia Gonzales,"937 Williams Tunnel West Patricia, AK 14132",53,Female
829,Rebekah Ray,"190 Fuentes Inlet Lambertville, NE 06016",60,Female
830,Lisa Adams,"04243 Barbara Stravenue Suite 502 North Louis, IL 88186",51,Female
831,Eric Kent,"6573 Torres Land Suite 115 Allisonville, OK 97430",38,Male
832,Brenda Taylor,"20109 Clark Motorway Stephanieburgh, NE 72637",47,Other
833,Charles Hunter,Unit 3080 Box 9827 DPO AP 44877,39,Other
834,Patrick Green,"72242 Chaney Passage South Travischester, MI 55346",40,Other
835,John Mitchell,"956 Christine Parkway Apt. 730 Port Carrie, MD 07305",67,Other
836,Natalie Hanna,"699 Small Vista New Mackenzieside, WV 98210",61,Other
837,Brian Kelly,"758 Steven Overpass South Paul, WA 85896",69,Other
838,Diana Mooney,"4406 Cheryl Fork Suite 334 Pedroshire, WA 64678",34,Other
839,Tanya Vincent,"647 Baker Springs Suite 228 New Richardmouth, NE 14056",48,Male
840,Brandi Murphy,"6238 Morrow Club Lake Ronaldstad, MD 05156",79,Male
841,Christine Kelly,"46468 Nicholas Fields Apt. 966 Maryton, MI 82921",35,Other
842,Rhonda Frost,"0786 Joseph Springs Jamieland, SD 74339",37,Male
843,Natasha Gilbert,"627 Smith Grove Apt. 373 North Ryantown, OR 13452",78,Female
844,David Moore,"4228 Megan Loop Apt. 534 Thompsonland, AL 93240",67,Female
845,Joseph Ware,"89429 Mooney Course Suite 841 Wallsview, NM 93725",63,Male
846,Michelle Harrison,"7688 Dakota Ridges Apt. 885 Port Tristan, AL 75823",62,Other
847,Donna Henderson,"422 Brown Motorway Suite 268 Charlesfurt, NH 79895",49,Female
848,Jennifer Perez,"737 Myers Roads Walkerstad, OR 76898",48,Female
849,Cassandra Holt,"6625 Ralph Stravenue Suite 959 Michaelmouth, IN 12297",53,Other
850,Amy Mccarthy,"1066 Beck Stravenue Wilsonberg, NV 32155",35,Female
851,Mark Roberson,"2065 Hunt Spurs Kathyside, OK 96065",25,Other
852,Evelyn Dudley,"2241 Smith Parkway Kyleland, ND 04440",61,Other
853,John Calhoun,"425 Amy Canyon West Ashleybury, TX 75267",42,Female
854,Jennifer Hanson,"1195 Shaw Light Suite 030 Thomasborough, MO 20714",70,Female
855,Michael Hancock,"022 Rachel Isle Robertburgh, KY 87535",79,Male
856,Carlos Thompson,"2729 Ochoa Ferry Apt. 083 Stewartshire, IL 46214",36,Male
857,Jackie Howard,"5880 Jason Tunnel Suite 162 Juanberg, DE 73542",36,Other
858,Christopher Clark,"56846 Natalie Shores Powellton, MA 29204",23,Female
859,Joseph Jackson,"305 Walter Islands Suite 664 West Jeremy, MI 13888",77,Female
860,Philip Compton,"0054 Lisa Fords Apt. 305 New Chelsea, MO 94945",59,Female
861,Teresa Morton,"93087 Grant Court Apt. 477 Birdton, MD 48799",65,Female
862,John Palmer,"6463 Joshua Hills Lake Karenside, UT 32855",31,Male
863,Holly Yang,"PSC 9277, Box 8092 APO AE 60752",70,Other
864,Gerald Schwartz,"0780 Long Roads Suite 930 Tarastad, IA 20520",35,Other
865,Christopher Nicholson,"PSC 2314, Box 7730 APO AA 73534",62,Female
866,Benjamin Velasquez,"5625 Lee Ports Suite 164 Dayfort, KY 82735",26,Male
867,Toni King,"52512 Hart Inlet Sherylhaven, RI 80768",57,Other
868,Rachel Wise,"719 Oconnell Union Apt. 251 Rebeccamouth, MS 58357",55,Male
869,Stephanie Graves,"1451 Travis Bridge Suite 137 North Cherylstad, AK 43758",33,Male
870,Jessica Barnes,"226 Cline Points Suite 162 Hendersonport, MD 79769",60,Other
871,Patricia Hernandez,"8706 Luis Skyway East Molly, GA 35122",32,Other
872,Katelyn Johnson,"7702 Stephen Greens Port Jessica, AL 59567",32,Male
873,Anita Thornton,"9877 Robinson Roads Suite 673 West Keith, CA 98609",24,Female
874,Justin Ferguson,"05885 Hall River Suite 539 Hoville, AL 99401",39,Other
875,Stephen Higgins,"86310 Adams Inlet North Russell, AL 18198",48,Male
876,Tonya Martinez,"463 Barnes Cape Kevinchester, DE 06579",61,Male
877,Kimberly Rodriguez,"2398 Luis Unions Port Mary, MI 31181",18,Other
878,Helen Wolfe,USNS Brewer FPO AP 72563,80,Male
879,Megan Hebert,"0375 Schultz Via Petersborough, SC 37991",44,Other
880,David Hall,USNV Vaughan FPO AA 40687,77,Female
881,Curtis Jones,"848 Betty Roads Suite 877 New Kayla, IA 93637",48,Other
882,Gregory Valdez,"4863 Simpson Prairie Cynthiaville, SD 09169",30,Female
883,Daniel Olson,"27237 Smith Inlet East Megan, OK 95375",38,Female
884,Joanna Moore,"05089 Owens Trail Port Sydney, NM 90972",59,Male
885,Kristin Robinson,"76490 Phillip Forges Suite 304 Jacobton, MO 26656",76,Male
886,Gerald Mcdonald,"PSC 6698, Box 6595 APO AA 65710",59,Other
887,Tracy Newton,"019 Aguilar Plain Apt. 702 Gregoryville, FL 16081",32,Other
888,Jay Mack,"34627 Thomas Extension New Walter, NJ 28973",65,Other
889,Sarah Jenkins,"05095 Cortez Lake Davidberg, SC 23140",72,Male
890,Brian Stewart,"67056 Joseph Parks Hughestown, SC 96430",76,Male
891,Adam Barnett,"6748 Mary Mews North Samuel, UT 44302",44,Male
892,Todd Osborne,"356 Donald Centers Justinburgh, OH 01706",77,Male
893,Debbie Jackson,"4430 Martin Shoal Summerport, GA 02401",71,Female
894,Michael Garcia,"6552 Myers Plaza Suite 775 New Andrewstad, CO 58551",68,Female
895,David Williams,"2726 Thomas Inlet Suite 106 North Michaelmouth, SD 36500",29,Other
896,Miguel Myers,"8173 Pollard Cape Suite 680 Huffmanville, OK 32918",79,Female
897,Andre Martinez,"3828 Ramirez Rapid Apt. 806 Schwartzton, CO 90399",74,Male
898,Jim Vega,"077 Brown Flats Beasleybury, MD 53806",18,Female
899,Jeffrey Rogers,"95292 Carroll Neck Apt. 444 South Nathan, WY 17405",54,Other
900,Bradley Wagner,"8507 Gregory Lane Michaelmouth, NH 57501",24,Female
901,Carrie Guerra,"3844 Smith Lock Charlenemouth, IL 01374",36,Female
902,Danielle Davis,"7264 Hamilton Mountains West Nicole, MS 75401",59,Other
903,Austin Curtis,"981 Greer Parkway Apt. 212 East Kellyfort, OH 40436",51,Female
904,Tanya Hall,"7017 Knight Harbor Suite 173 South Kayla, CT 49539",74,Male
905,Deanna Chambers,"780 Lawson Mount Suite 665 Cherylview, MN 48951",72,Other
906,Patrick Sanchez,"564 John Common Larabury, DC 78593",47,Female
907,Shaun Robinson,"705 Evans Streets Apt. 958 New Alejandra, MN 82581",30,Male
908,Amy Brown,"70915 Barry Cliff Suite 302 West Daniel, WV 04622",39,Male
909,Laura Hanson,"9832 Reilly Center East Miguel, MD 14801",64,Female
910,Brooke Doyle,"9102 Erica Inlet Suite 016 East Stevenfort, OR 93977",59,Female
911,Anne Huff,"059 Jenkins Vista Apt. 431 Robbinschester, CA 08132",63,Male
912,Taylor Olson,"5208 Debra Views Suite 039 North Alexander, IA 74865",18,Other
913,Alexander Winters,"413 Jeremy Lodge Millertown, GA 85200",39,Female
914,Jennifer Francis,"8240 Dalton Rue Robinsonhaven, ID 99938",54,Other
915,Derek Schwartz,"88445 Kevin Lane Nicholsbury, ND 65959",66,Male
916,Nancy Kelley,"3465 Joseph Street West Kristintown, AK 78000",29,Other
917,Jeremy Wilcox,"99341 Jacob Neck Alvarezshire, DC 98334",72,Other
918,Gregory Conner,Unit 3769 Box 7465 DPO AE 38462,75,Female
919,Jason Garner,"45695 Santos Spring Port Daniel, NH 12928",70,Female
920,Michael Erickson,"9746 Nichols Groves West Rebeccahaven, AL 33021",50,Female
921,Adam Hayes,"9011 Lori Square South Benjaminmouth, ID 20434",23,Female
922,Ronald Arroyo,"00905 Emily Cliffs Apt. 742 Davidsonchester, CO 25686",60,Male
923,Tommy Clark,"717 Johnson Hill Richardhaven, VT 45512",29,Male
924,Evan Sutton,"3314 Wolf Well Knappshire, AK 56760",48,Female
925,Lucas Sullivan,USS Cantu FPO AA 26937,77,Male
926,Valerie Guerrero,"959 Paula Center Suite 102 Lake Jennachester, NC 10807",18,Female
927,Nicole Ward,"226 Ryan Springs Jeffreychester, VA 73227",42,Male
928,Carol Martin,"78043 Austin Meadows Laurenchester, RI 64328",46,Female
929,Mike Dyer,"19230 Davis Court North Danielbury, NV 32529",79,Female
930,Beth Robinson,"66792 Williams Expressway West Dylan, OK 26142",37,Other
931,Mrs. Amber Cohen PhD,"3707 Sanchez Center Apt. 784 Justintown, IL 55751",64,Other
932,Regina Zamora,"33895 Fernandez Grove Suite 883 East Kevinfurt, NY 68223",18,Female
933,Ashley King,"6538 Dennis Ports Sarahport, AK 76681",59,Female
934,Stacey Roberts,"3187 Kathy Route North Danielhaven, IN 50534",62,Male
935,Michael Johnson,"5536 Wilson Camp Apt. 949 North Christopherville, MA 84356",21,Other
936,Shaun Jones,"701 Zimmerman Pike Port Nicholas, ID 03034",25,Female
937,Jordan Johnson,"901 Logan Plains Suite 860 West Laurieberg, IA 67566",37,Male
938,Grace Mason,"33065 Nathan Square Suite 812 Tracyside, WY 72091",43,Other
939,Steve Boyd,"PSC 5539, Box 3897 APO AE 99649",50,Other
940,Laura Martinez,Unit 2990 Box 5937 DPO AA 09896,67,Female
941,Andrew Ward,"326 Wilson Harbor Taylorside, OR 73900",62,Male
942,Maureen Sheppard,"530 Eric Lake Apt. 538 New Duane, VT 23148",58,Female
943,Lisa Cardenas,"PSC 2828, Box 7913 APO AA 73946",41,Other
944,Juan Bell,"641 Oneill Haven Apt. 148 East Susan, UT 07863",32,Male
945,Kayla Robinson,"153 Jimmy Garden New Emily, WI 86238",79,Male
946,Kaitlin Jones,USS Salinas FPO AP 79902,48,Male
947,Rebecca Cook,"5917 Dustin Brook Apt. 586 Baileyburgh, NJ 11642",47,Other
948,Lisa Suarez,USNV Gonzalez FPO AP 85335,56,Female
949,Susan Keller,"03339 John Mission New Kennethfurt, VA 21785",44,Other
950,Christopher Rocha,"PSC 3207, Box 2954 APO AP 40842",53,Female
951,Jonathan Johnson,USS Wall FPO AA 94221,66,Other
952,Monica Roberts,"8628 Parker Rest Apt. 902 South Rodney, NH 01882",69,Other
953,Brian Morse,"889 Jason Prairie Brockfort, FL 55951",70,Male
954,Maria Hart,"8965 Benson Flats Apt. 609 Courtneyburgh, MO 79867",66,Male
955,Charles Gonzalez,"805 Justin Turnpike Bellbury, NV 14418",61,Other
956,Kyle Ross,"31681 Watson Gateway Dawnbury, MI 10758",73,Male
957,Janet Erickson,"043 Steven Spring Johnsonfort, KY 01560",51,Female
958,Patrick Robinson,"419 Jacqueline Union Marshallberg, WY 24531",51,Other
959,Amy Cline,"974 Duran Mills Douglaschester, WI 52134",41,Male
960,Hannah Watson,Unit 9504 Box 2228 DPO AA 79095,76,Other
961,Brianna Stein,"524 Collins River Apt. 572 Samanthastad, RI 97232",25,Male
962,Anthony Archer,"64475 Cynthia Court Suite 696 West Paulton, MN 33513",71,Other
963,Matthew Thomas DDS,"94111 Lopez Centers Suite 730 Amandafort, OH 24194",75,Other
964,Samuel Snow,"892 Avery Estates Port Louis, ID 07890",30,Other
965,Richard Kerr,"36678 Lopez Crescent South Aaronmouth, NH 09971",52,Male
966,Michael Griffith,"6596 Williams Viaduct Suite 045 South Hannahfort, SD 50128",28,Female
967,Mary Wilson,"12815 Jennifer Center New Ashley, NV 82531",72,Other
968,Tiffany Adams,"137 Gallagher River Suite 925 Port Austinland, MO 75371",46,Male
969,Lisa Wilson,"1957 Vang Centers Suite 499 Kirkmouth, NC 95109",61,Male
970,Kathryn Evans,"705 Robert Circle Apt. 675 Mccormickside, IN 17612",63,Other
971,Christopher Butler,"334 Mike Port Apt. 881 Davidville, CA 54233",49,Male
972,Laura Ferguson,"04262 Katelyn Ford Andreton, AZ 65916",75,Other
973,Kevin Walter,"20233 Schneider Forges Apt. 677 Wayneshire, VA 40191",46,Male
974,Jessica Mathis,"339 Jason Parkways Myerston, WY 04744",47,Male
975,Anthony Williamson,"3282 Douglas Branch Suite 915 North Daniel, ID 57025",50,Female
976,Shane Wallace,"801 Nicole Lake Suite 821 New John, WA 81735",47,Other
977,Tricia Ramos,"039 Katherine Valleys Suite 456 East Christian, DC 52572",21,Other
978,Ashlee Coleman,USCGC Watkins FPO AA 93432,47,Other
979,Brandon Hart,"451 Lee Summit Apt. 214 Martinezfort, TX 86512",69,Female
980,Mark Smith,"51334 Matthew Freeway Suite 573 Crystalburgh, TX 82224",64,Male
981,Deborah Webb,"673 Heather Ferry Stricklandland, NJ 37086",43,Female
982,Sarah Rivera,"4809 Anderson Cliffs Suite 666 East Linda, VA 57329",70,Male
983,James Johnson,"2687 Henderson Ramp Wallerland, WA 99342",65,Male
984,Samuel Padilla,"30709 Hernandez Walks New Richard, MN 74170",55,Male
985,Shane Nelson,"256 Dickson Road East Monica, LA 19646",20,Female
986,Tammy Weaver,Unit 7643 Box 3382 DPO AA 09565,40,Other
987,Steven Allen,"44931 William Light Apt. 462 Evansville, AZ 66413",22,Other
988,James Strickland,"358 Thompson Circles Apt. 692 West Wayne, OH 41340",21,Male
989,Aaron Lawrence,"5560 John Terrace Griffinmouth, RI 00573",77,Female
990,Jocelyn Escobar,"784 Tiffany Meadows Millsfort, DC 91597",20,Female
991,Destiny Frazier,"998 Tracey Field Suite 571 Alexischester, AR 48254",44,Male
992,Paige Allen,Unit 9257 Box 8722 DPO AE 75721,67,Male
993,Shaun Dougherty,"1617 John Village Apt. 500 Audreybury, IA 78258",67,Other
994,Albert Wood,"485 Russell Trafficway Kellyberg, NJ 69453",80,Other
995,Laura Hall,"5348 Brendan Springs North Spencerland, NH 63252",59,Female
996,Jason Lindsey,USS Gonzalez FPO AP 23599,41,Female
997,Aaron Guerrero,"5015 Ruiz Landing North Kevin, AZ 59260",46,Female
998,Kimberly Ewing,Unit 3742 Box 7701 DPO AA 67965,42,Male
999,Stephen Rhodes,"64811 Kelly Parkways Castroport, LA 53619",61,Other
1000,Pamela Shelton,"0449 Kevin Plaza Brownburgh, WY 89049",73,Other
